<?xml version="1.0" encoding="UTF-8"?>
<project-private xmlns="http://www.netbeans.org/ns/project-private/1">
    <editor-bookmarks xmlns="http://www.netbeans.org/ns/editor-bookmarks/2" lastBookmarkId="0"/>
    <open-files xmlns="http://www.netbeans.org/ns/projectui-open-files/2">
        <group>
            <file>file:/D:/Mis%20Documentos/NetBeansProjects/NitrunUtils/web/WEB-INF/jsp/add.jsp</file>
            <file>file:/D:/Mis%20Documentos/NetBeansProjects/NitrunUtils/src/java/control/EditController.java</file>
            <file>file:/D:/Mis%20Documentos/NetBeansProjects/NitrunUtils/web/WEB-INF/jsp/home.jsp</file>
            <file>file:/D:/Mis%20Documentos/NetBeansProjects/NitrunUtils/src/java/control/AddController.java</file>
            <file>file:/D:/Mis%20Documentos/NetBeansProjects/NitrunUtils/src/java/control/DocumentController.java</file>
            <file>file:/D:/Mis%20Documentos/NetBeansProjects/NitrunUtils/src/java/model/UsuariosValidation.java</file>
            <file>file:/D:/Mis%20Documentos/NetBeansProjects/NitrunUtils/web/WEB-INF/jsp/edit.jsp</file>
        </group>
    </open-files>
</project-private>
